1,.net,807,680,679
2,asp.net-web-api,158,3029,3028
3,delphi,113,20,19
4,c++,2347,15,14
5,string,586,585,584
6,casting,15,6304,6303
7,google-maps,475,891,890
8,angularjs,1414,22,21
9,jasmine,6,1701,1700
10,karma-jasmine,4,6753,6752
11,typescript,602,737,736
12,perl,55,306,305
13,ios,545,616,615
14,xcode,334,690,689
15,elixir,3,4210,4209
16,javascript,15829,86,85
18,ruby-on-rails,579,4000,3999
20,ruby,366,283,282
21,vistas,56,662,661
23,jquery,6960,500,499
24,android,7273,116,115
25,socket,170,5008,5007
26,tcpip,12,641,640
27,tcp,27,643,642
28,mysql,7846,99,98
29,datetime,211,1672,1671
30,timestamp,45,692,691
31,sql,4981,144,143
34,join,141,9788,9787
35,oracle,847,578,577
36,oracle-10g,21,590,589
37,asp.net,1953,494,493
38,bower,13,186,185
39,c++11,124,869,868
41,google-apps-script,180,893,892
42,momentjs,45,730,729
44,http,233,1525,1524
45,post,252,5268,5267
47,kendoui,16,1549,1548
49,bash,397,682,681
50,c#,7985,125,124
51,java,12407,173,172
52,spring,501,684,683
53,hibernate,319,672,671
54,python,6072,242,241
55,variables,296,7109,7108
58,git,433,183,182
59,commit,8,10051,10050
62,laravel,3195,166,165
63,php,17321,409,408
64,ajax,2980,686,685
65,html,8537,164,163
66,css,3625,114,113
67,fish,2,28246,28245
68,android-intent,107,10023,10022
69,android-asynctask,132,17927,17926
70,linux,975,327,326
71,shell,173,700,699
72,sed,29,698,697
73,awk,27,1684,1683
74,android-layout,489,650,649
75,unidades-de-medición,3,,
77,pharo,2,1153,1152
78,smalltalk,4,696,695
80,regex,593,240,239
81,email,316,706,705
82,validación,267,1674,1673
83,rendimiento,52,10026,10025
84,optimización,82,834,833
88,wcf,108,1680,1679
89,soap,204,688,687
90,soapui,21,1626,1625
96,try-catch,40,27860,27859
97,str-replace,29,10043,10042
99,git-commit,32,1002,1001
100,dukescript,3,652,651
101,admob,40,867,866
103,funciones,474,5006,5005
105,jvm,12,631,630
107,eclipse,479,919,918
108,depuración,27,2363,2362
109,jboss,42,1610,1609
110,vagrant,26,1592,1591
111,puppet,1,716,715
114,doctrine,46,5395,5394
115,doctrine2,48,5493,5492
116,matemáticas,95,3899,3898
117,coma-flotante,12,5274,5273
119,laravel-5,1695,216,215
123,zsh,4,531,530
124,django,1444,658,657
128,constructor,63,2395,2394
129,clase-abstracta,33,10037,10036
130,mercurial,3,887,886
131,control-de-versiones,24,1608,1607
132,pip,46,7107,7106
133,ubuntu,486,529,528
134,python-2.7,553,1519,1518
135,entity-framework,330,1392,1391
136,model-view-controller,51,1697,1696
138,formularios,569,1836,1835
139,html5,3066,527,526
140,comparaciones,51,6306,6305
141,knockoutjs,22,1541,1540
146,css3,1186,965,964
147,3d,15,1620,1619
148,importación,40,30748,30747
149,numpy,173,4811,4810
150,array,1817,843,842
152,google-newsstand-producer,1,533,532
153,objective-c,94,523,522
154,swift,473,694,693
160,visual-studio,1009,929,928
161,programación-funcional,74,525,524
162,android-softkeyboard,10,26491,26490
164,nodejs,1666,674,673
165,ec2,21,3477,3476
166,npm,187,1655,1654
167,aurelia.io,2,1596,1595
168,select2,89,4880,4879
169,rspec,7,656,655
170,python-3.x,2193,1521,1520
171,xml,797,496,495
172,codificación,59,9657,9656
173,utf-8,99,865,864
174,cordova,192,1033,1032
175,algoritmos,260,704,703
176,condiciones,193,6269,6268
177,loops,154,728,727
180,licencias,22,7113,7112
182,código-abierto,1,726,725
184,json,2087,749,748
185,gson,47,3222,3221
186,sql-server,2685,613,612
187,youtube,37,722,721
188,verilog,6,597,596
190,netbeans,620,670,669
191,plugin,100,714,713
192,c,1478,583,582
194,manejo-de-memoria,80,1717,1716
195,pdf,406,389,388
196,reportlab,22,5685,5684
197,azure,106,848,847
199,maven,156,521,520
200,android-auto,1,647,646
201,spring-roo,13,2769,2768
202,gvnix,19,4882,4881
205,punteros,158,517,516
206,excepciones,141,1715,1714
208,office365,19,6094,6093
209,mongodb,494,712,711
210,genexus,110,606,605
212,devices,6,925,924
217,sequelize.js,29,2639,2638
218,struts,35,724,723
219,hql,27,3278,3277
220,jpa,244,1574,1573
221,seam,3,,
223,dom,185,702,701
226,excel,768,1394,1393
227,vba,421,498,497
231,directorioactivo,27,9784,9783
232,smartcard,8,31834,31833
233,java-ee,257,1678,1677
234,servlets,187,720,719
235,yii2,108,1385,1384
236,lenguaje-agnóstico,45,1523,1522
238,google-hoja-de-cálculo,169,4806,4805
240,archivo,365,741,740
243,object,134,10030,10029
247,sandbox,6,921,920
249,seguridad,135,4875,4874
255,djangorestframework,116,4871,4870
256,api,643,676,675
257,permisos,82,9798,9797
259,signalr,31,889,888
260,real-time,22,15084,15083
264,hilos,273,5322,5321
266,matrices-asociativas,7,,
267,ordenamiento,90,1604,1603
268,booleano,35,708,707
269,conda,9,1111,1110
270,matplotlib,131,710,709
271,pyqt5,159,28788,28787
272,embebido,26,30616,30615
273,pouchdb,1,1699,1698
276,github,176,831,830
277,git-push,60,1851,1850
278,git-fork,5,1853,1852
280,sharepoint,31,2530,2529
281,sharepoint-online,14,7926,7925
283,go,51,645,644
285,servicio,111,639,638
286,ssis,33,20482,20481
287,conversión-de-tipos,46,1554,1553
288,i18n,9,1848,1847
290,ide,46,863,862
292,google-forms,21,10035,10034
293,uiwebview,6,5318,5317
294,ios8,8,1682,1681
295,sublimetext,24,798,797
296,sublimetext3,70,1694,1693
297,phpmyadmin,688,1855,1854
300,clase,168,829,828
301,método,147,827,826
302,rsync,9,9873,9872
303,depurar,13,7133,7132
305,asp.net-core,201,1713,1712
306,yii,41,1042,1041
307,yiibooster,1,1387,1386
308,cache,59,802,801
312,wordpress,1011,825,824
313,android-sqlite,149,5262,5261
314,haskell,71,885,884
316,estructuras-de-datos,184,1622,1621
320,pillow,7,7099,7098
322,tipos,15,1566,1565
323,navigationview,24,27823,27822
324,unix,95,857,856
325,grep,28,1517,1516
326,ascii,40,861,860
328,wpf,284,1390,1389
329,xaml,106,1538,1537
330,asincronismo,44,7119,7118
331,indexeddb,12,878,877
332,vb.net,1095,883,882
333,nosql,39,1513,1512
334,reactjs,637,923,922
336,reflexión,8,27830,27829
338,automapper,13,28285,28284
339,xpath,54,1711,1710
340,poo,591,1606,1605
341,thymeleaf,49,1689,1688
342,vpn,20,1038,1037
343,django-models,270,1667,1666
344,users-roles,29,30736,30735
345,nginx,109,1865,1864
346,logrotate,1,7097,7096
347,configuración,46,9655,9654
348,perl6,3,2225,2224
352,asp.net-mvc-5,660,1572,1571
353,razor,195,2115,2114
354,osx,22,977,976
355,rss,10,975,974
358,windows-forms,806,1761,1760
359,latex,31,987,986
360,r,733,990,989
361,ggplot2,57,1045,1044
362,ms-access-2010,44,9791,9790
363,jersey,20,1210,1209
364,atmosphere,2,1109,1108
365,swagger,18,1104,1103
366,abap,5,2478,2477
368,postgresql,818,1080,1079
369,rodbc,2,,
370,java-8,170,2369,2368
372,bigdecimal,12,23159,23158
373,redondeo,13,10028,10027
374,double,41,1612,1611
375,nuget,17,1397,1396
376,web2py,21,1670,1669
377,magento2,27,9813,9812
378,backbone,12,1383,1382
379,bootstrap,1639,1536,1535
380,apache-poi,57,1190,1189
381,ssms,17,1192,1191
382,swift2,172,1583,1582
384,tsql,69,1206,1205
386,azure-storage,8,1863,1862
388,sqlite3,76,1338,1337
389,bookmarklet,1,1255,1254
390,gmail,65,1257,1256
391,lista,520,1624,1623
394,windows,525,1676,1675
395,avd,10,1288,1287
396,firebird,38,1302,1301
397,facebook,132,2360,2359
398,internet-explorer-11,16,3159,3158
400,asp.net-mvc,946,1581,1580
401,yield,5,,
403,visual-studio-2010,41,5314,5313
404,wolfram-mathematica,2,1365,1364
406,multitasking,13,1719,1718
407,underscorejs,6,1529,1528
409,jboss-eap,8,2933,2932
410,ember.js,6,1406,1405
411,corona,3,1401,1400
412,clojure,2,2418,2417
414,consola,126,1615,1614
415,proceso,31,7105,7104
416,paso-por-valor,6,5270,5269
417,paso-por-referencia,14,5266,5265
418,debian,104,1463,1462
419,ntfs,1,1515,1514
420,qt,226,1481,1480
421,jquery-datepicker,49,1562,1561
423,google-drive,56,1569,1568
425,couchdb,5,1639,1638
426,jdbc,128,1579,1578
427,firebase,890,2537,2536
428,meteor,34,1641,1640
430,cuenta-usuario,20,,
431,spring-mvc,169,1691,1690
432,seo,75,1637,1636
435,joomla3,49,2358,2357
436,sqlfiddle,4,5687,5686
439,jsf,379,1777,1776
440,primefaces,266,1857,1856
442,localización,13,1764,1763
443,base64,68,1838,1837
446,mysqli,1137,2355,2354
447,motor-de-juego,20,9795,9794
448,xhtml,56,1897,1896
451,oracle-11g,216,1895,1894
452,codeigniter,615,4884,4883
453,codeigniter-3,166,7293,7292
455,jquery-mobile,27,1893,1892
456,makefile,21,1900,1899
457,ionic,595,2353,2352
460,visual-studio-2015,333,1939,1938
461,arduino,173,1941,1940
464,gstreamer,4,31923,31922
465,unity3d,178,1995,1994
466,eventos,190,5392,5391
467,dns,69,2351,2350
468,iana,1,17340,17339
470,2d,9,2146,2145
472,google-chrome,103,2367,2366
473,oauth,28,2044,2043
475,android-studio,3070,2227,2226
477,clickonce,7,2048,2047
478,deployment,40,6302,6301
481,alfresco,5,2088,2087
482,ftp,100,2097,2096
484,jsfiddle,7,7928,7927
485,scss,61,9663,9662
486,uwp,54,2141,2140
487,celery,6,28811,28810
488,io,11,31809,31808
489,powershell,97,2138,2137
491,sass,70,2144,2143
493,gulp,53,3902,3901
494,gulp-sass,8,28853,28852
495,hapijs,1,2192,2191
498,gradle,122,2170,2169
499,operador,52,2207,2206
500,webgl,7,2365,2364
502,google-datastore,6,3655,3654
503,google-app-engine,41,3133,3132
504,objectify,2,3653,3652
505,constantes,9,4400,4399
506,tkinter,321,7103,7102
507,linq,303,2372,2371
508,apache,461,2347,2346
511,base-de-datos,1719,5010,5009
512,dup,1,3364,3363
513,subversion,4,2414,2413
514,svn,10,2416,2415
515,parse.com,11,2422,2421
516,highcharts,128,2476,2475
518,azure-redis,2,,
519,split,60,34740,34739
521,entity-framework-6,134,2712,2711
522,ingeniería-inversa,4,7131,7130
524,binding,33,24743,24742
525,mvvm,52,2719,2718
526,swt,2,2745,2744
527,.htaccess,343,3026,3025
528,redirección,78,9802,9801
529,reescritura-url,12,9800,9799
530,mod-rewrite,46,9659,9658
531,pm2,3,3362,3361
532,pycharm,28,2774,2773
534,linq-to-sql,43,2714,2713
536,dbml,1,2777,2776
537,windows-installer,14,2931,2930
538,scala,32,2717,2716
539,internet-explorer,51,3157,3156
540,internet-explorer-9,6,15078,15077
542,sqlite,397,2725,2724
543,spring-security,63,2758,2757
544,windows10,129,2765,2764
546,conflictos,3,,
547,visual-studio-2013,74,2923,2922
548,revisión-de-código,121,2785,2784
550,google-visualization,25,64672,64671
552,angular-directivas,68,9999,9998
553,ecmascript-2015,32,2842,2841
554,c++98,15,16818,16817
555,express,363,2909,2908
556,gpg,5,2907,2906
558,intellij,47,2915,2914
559,javadoc,2,2904,2903
560,registro-windows,9,2936,2935
562,less,10,3482,3481
563,asp,226,2979,2978
564,midi,1,2983,2982
565,bundler,5,3599,3598
566,gemfile,5,3117,3116
568,filtros-css,4,,
569,d3.js,38,3017,3016
572,plsql,214,3107,3106
573,sqldeveloper,33,3155,3154
575,docker,151,3280,3279
576,lyx,2,3189,3188
577,iis,169,3109,3108
578,azul-zulu,2,3092,3091
579,drools,4,3105,3104
580,rabbit-mq,3,3205,3204
583,amcharts,11,4774,4773
584,geo-localizacion,87,7117,7116
585,java-9,8,3226,3225
587,spring-webflow,1,3259,3258
590,as400,9,5924,5923
594,jsp,504,3474,3473
595,cq5,2,22867,22866
596,aem,2,22859,22858
598,tinymce,20,4803,4802
599,pygame,52,3486,3485
601,ponyorm,2,3663,3662
602,bottle,5,5919,5918
603,test-ng,15,15626,15625
605,django-admin,65,5210,5209
606,django-forms,185,5221,5220
607,diálogo,40,28732,28731
608,tweepy,17,3539,3538
611,symfony2,149,5316,5315
613,fullcalendar,105,3648,3647
614,internacionalización,8,7125,7124
617,rest,304,5272,5271
619,xstream,2,7093,7092
620,spring-tool-suite,27,4393,4392
622,aplicación-web,250,9636,9635
623,iron-router,2,28837,28836
625,java-swing,517,5499,5498
626,requirejs,8,3818,3817
627,babeljs,16,3861,3860
629,javafx,254,3863,3862
630,bootstrap-carousel,35,3834,3833
631,asterisk,7,3866,3865
632,lazarus,6,3882,3881
633,angularjs-2.0,284,3885,3884
634,pagejs,1,3905,3904
635,material-design-lite,12,3935,3934
638,jade,39,3988,3987
639,android-glide,22,3994,3993
640,zip,47,4396,4395
643,curl,136,4324,4323
644,mono,12,4078,4077
645,zepto,1,5143,5142
647,groovy,28,4150,4149
648,serialización,67,4192,4191
649,sailsjs,19,4189,4188
650,genymotion,13,5883,5882
652,crystal-reports,128,4326,4325
653,twitter-api,37,4809,4808
654,wasync,1,4328,4327
655,ms-acces-2007,6,4391,4390
656,ensamblador,67,4389,4388
657,masm,7,4386,4385
658,selenium,153,4365,4364
661,xamarin,277,4426,4425
662,moodle,27,4462,4461
663,md5,22,4468,4467
664,encriptación,81,4644,4643
667,jboss-as-7,4,28238,28237
668,inyeccion-de-dependencias,22,4751,4750
672,datepicker,143,6309,6308
673,libgdx,23,17118,17117
676,sync-framework,2,4749,4748
677,interop,25,,
678,genéricos,4,,
680,extjs,48,5136,5135
681,autocompletar,51,32396,32395
682,jquery-ui,105,5026,5025
683,jspdf,41,5021,5020
684,fecha,194,10032,10031
686,android-drawerlayout,33,26794,26793
687,drag-and-drop,29,5280,5279
688,agarrar-y-soltar,1,5278,5277
689,django-smart-selects,4,,
690,oauth2,39,5284,5283
692,formulas,34,5163,5162
695,date,265,9643,9642
698,animación,63,5282,5281
699,pyqt,106,27818,27817
700,bluetooth,74,5276,5275
701,odoo,69,5913,5912
702,álgebra-relacional,3,7123,7122
703,prestashop,101,5689,5688
704,odata,8,15591,15590
705,apache-shiro,1,5389,5388
707,materialize,146,11632,11631
708,wso2,7,,
709,kerberos,2,5909,5908
710,java-stream,13,26787,26786
711,magento-1.9,6,9811,9810
712,eficiencia,21,15075,15074
715,angularjs-injector,6,,
717,richfaces,8,17014,17013
718,unreal-engine,5,5907,5906
720,soundpool,3,9818,9817
721,slack-api,3,9821,9820
722,árboles,19,7121,7120
723,árboles-binarios,41,5901,5900
724,webpack,80,5692,5691
728,wireshark,6,5896,5895
729,twig,55,9871,9870
731,indices,23,31813,31812
733,autenticación,80,5794,5793
735,handlebars.js,16,5808,5807
737,plotly,3,5850,5849
738,reportviewer,90,5853,5852
739,lua,31,5861,5860
740,polymer,25,5880,5879
741,hashmap,41,5911,5910
742,map,74,5905,5904
743,bitmap,51,5899,5898
744,jquery-validate,74,6098,6097
745,mybatis,9,5987,5986
746,spritekit,9,17247,17246
747,rubygems,61,17152,17151
748,electron,45,5996,5995
749,google-plus,3,7127,7126
750,google+,6,7129,7128
752,grails,40,6300,6299
753,heroku,79,6624,6623
754,generator,5,,
757,paypal,43,7115,7114
758,matlab,83,6090,6089
759,modulación,3,15103,15102
760,frecuencia,5,,
761,local-storage,60,6109,6108
762,jenkins,29,16012,16011
763,react-native,221,6190,6189
764,angular2-template,21,7076,7075
766,trigger,194,9653,9652
767,intel-xdk,4,6238,6237
770,sobrecarga,12,31614,31613
771,mongoose,188,6373,6372
774,jasper-reports,129,15515,15514
775,diseño,80,9648,9647
776,windows-phone,12,9638,9637
777,typings,4,,
778,vscode,48,6416,6415
781,android-viewpager,34,26494,26493
782,herencia,92,9646,9645
783,reflection,18,27833,27832
784,cabeceras-http,20,10039,10038
786,devexpress,69,13886,13885
787,adword,4,23768,23767
788,setinterval,32,,
789,odbc,51,7111,7110
790,xampp,292,9249,9248
795,ejb,48,9786,9785
796,atom-editor,30,7081,7080
797,openlayers,37,7095,7094
798,openlayers-3,13,44960,44959
799,zend,27,9809,9808
804,websocket,54,9366,9365
805,progressbar,47,27885,27884
806,coffeescript,7,7394,7393
807,pdo,464,9350,9349
808,cms,21,9174,9173
809,visual-c++,30,9807,9806
810,dev-c++,101,9782,9781
813,svg,85,9720,9719
815,zoom,17,17122,17121
816,viewport,6,10046,10045
817,scale,3,,
819,sencha-touch,5,25380,25379
820,anaconda,34,27881,27880
822,bitbucket,25,14892,14891
823,material-design,79,10112,10111
824,phonegap,69,19594,19593
825,wildfly,35,8137,8136
826,jmc,1,8139,8138
827,cmd,217,16107,16106
828,visual-studio-ts,1,8169,8168
829,transacciones,51,10041,10040
830,.htpasswd,4,10048,10047
831,picturebox,24,,
832,webbrowser,33,31623,31622
833,quicksort,13,15080,15079
834,ordenación,9,31937,31936
836,prolog,62,8577,8576
839,unity2d,50,16247,16246
840,preprocesador,5,16737,16736
841,glassfish,73,9342,9341
843,opengraph,4,26810,26809
844,ng-cordova,21,8671,8670
845,recyclerview,191,24651,24650
848,xamarin.forms,183,25372,25371
850,kivy,44,8892,8891
851,socket.io,66,8929,8928
852,vue.js,670,9665,9664
854,jqgrid,25,9805,9804
859,firefox,82,9297,9296
860,jsonp,19,9363,9362
863,tomcat,193,9712,9711
865,cucumber,7,17245,17244
867,x86,9,14450,14449
870,autofac,2,9933,9932
871,csv,289,9945,9944
872,ldap,24,14899,14898
873,openldap,6,16110,16109
874,google-play,74,10205,10204
875,gps,54,11189,11188
876,cython,1,10015,10014
877,crontab,39,31216,31215
878,ant,4,10199,10198
881,winapi,18,16719,16718
883,netcdf4,3,31859,31858
884,lambda,50,20769,20768
885,inyección-sql,9,31230,31229
886,jersey2,3,31928,31927
888,pfsense,3,29503,29502
889,gpl,3,,
890,arcgis,7,11191,11190
891,julia,6,11080,11079
892,webservice,715,11098,11097
893,emmet,3,28266,28265
894,layout,85,15098,15097
895,profiler,1,15100,15099
896,foundation,9,11459,11458
897,ngroute,14,28244,28243
898,httpd,8,16606,16605
899,centos,87,15575,15574
900,wav,4,11605,11604
901,realm,25,11534,11533
903,android-widget,12,11689,11688
906,alertdialog,59,20577,20576
908,stylus,4,12962,12961
911,laravel-4,30,20467,20466
912,gridview,108,20465,20464
915,jooq,1,17343,17342
916,mariadb,206,13228,13227
917,virtualbox,48,13311,13310
918,multichoice,6,,
919,pyinstaller,25,13525,13524
920,twitter,38,13878,13877
921,facebook-api,67,16708,16707
922,adfs,4,,
923,searchview,22,27866,27865
924,arrayadapter,23,31236,31235
925,jboss-5.x,2,,
926,powerbuilder,13,31868,31867
929,push-notification,92,14063,14062
930,sharedpreferences,46,27852,27851
931,promesas,92,13943,13942
932,markdown,10,13970,13969
934,xlrd,3,17124,17123
936,listview,208,20668,20667
937,edittext,64,,
938,android-fragment,297,26487,26486
939,scroll,112,26812,26811
943,formas,1,32382,32381
946,canvas,180,15057,15056
947,apache-spark,27,108074,108073
948,combobox,110,15573,15572
949,grid,33,30761,30760
951,log4j,18,14778,14777
952,spring-boot,285,14876,14875
953,alamofireimage,2,,
954,uitableviewcontroller,7,,
956,asm-pic,1,15065,15064
957,required,12,28462,28461
959,rust,2,15278,15277
960,diagrama-de-flujo,11,31898,31897
961,uitableview,24,25366,25365
962,enum,27,15298,15297
963,template,84,15301,15300
965,gtk,27,16403,16402
968,mpdf,31,15410,15409
969,gif,13,15520,15519
970,app,139,22281,22280
971,docx,13,,
973,c++1z,6,15504,15503
974,c++-faq,1,15506,15505
975,estándares,7,15502,15501
976,google-places,9,28842,28841
977,sha512,2,16220,16219
978,div,119,15675,15674
979,accordion,11,17265,17264
980,iteraciones,11,31866,31865
981,login,278,24274,24273
982,android-jellybean,2,23157,23156
983,criptografía,19,31893,31892
984,firma-digital,38,31807,31806
986,menú,142,27813,27812
987,atmel,3,28796,28795
989,wikitude,2,17140,17139
990,smartgwt,5,15781,15780
991,whatsapp,36,17143,17142
992,c3.js,5,74947,74946
993,jupyter,65,32454,32453
994,ipython,20,,
995,uicollectionview,13,,
996,factorial,9,15829,15828
998,safari,32,17126,17125
1000,buscador,50,31804,31803
1002,mapsforge,4,16026,16025
1004,constraints,13,31891,31890
1005,snapkit,1,23318,23317
1007,delphi-2010,20,34927,34926
1009,webview,83,20460,20459
1010,scrapy,44,17161,17160
1011,adobe-muse,3,20489,20488
1013,regsvr32,2,,
1018,oracle-sqldeveloper,134,26518,26517
1020,css-transform,15,16668,16667
1021,volatile,3,17145,17144
1024,back-button,7,,
1028,parsear,41,31881,31880
1030,webview-android,53,19585,19584
1031,arquitectura,18,32393,32392
1034,cast,31,31796,31795
1036,wordpress-theme,95,17138,17137
1038,pic,10,28785,28784
1039,ccs,17,32287,32286
1041,querystring,7,28464,28463
1042,cocoapods,9,65263,65262
1043,jwt,64,26816,26815
1045,ksoap,11,28833,28832
1048,ssrs,24,25374,25373
1049,digitalocean,16,,
1050,pascal,51,17349,17348
1051,video-adaptativo,4,17394,17393
1052,hls,1,17396,17395
1053,symfony3,144,34059,34058
1056,webforms,179,20512,20511
1059,response,17,,
1060,callback,31,19673,19672
1061,agregación,6,,
1062,aws,79,25368,25367
1064,orm,67,25378,25377
1065,cil,2,18202,18201
1067,arm,10,21418,21417
1068,intel-atom,1,28849,28848
1069,mvc,705,19964,19963
1072,mootools,1,19591,19590
1075,namespace,18,31932,31931
1076,python-2.x,87,19587,19586
1080,management-studio,8,,
1081,websphere,10,20154,20153
1082,teoría,5,31788,31787
1085,windows-mobile,10,20163,20162
1086,flask,124,30793,30792
1087,almacenamiento,11,,
1088,url,190,19999,19998
1089,instagram-api,12,23984,23983
1093,cakephp,120,20499,20498
1094,blob,35,28794,28793
1095,descarga,40,21535,21534
1096,session,172,20949,20948
1098,ngresource,2,,
1099,restful,46,38209,38208
1100,google-play-games,7,21197,21196
1101,jxl,1,21249,21248
1102,nsdata,1,27184,27183
1104,qt-creator,30,21294,21293
1105,openerp,9,21306,21305
1106,pandas,369,72871,72870
1108,alamofire,14,22888,22887
1109,data-atributos,8,,
1110,impresión,50,21497,21496
1111,entrada,143,21511,21510
1112,azure-sql,8,26521,26520
1113,ui.router,8,22113,22112
1114,websphere-mq,8,21727,21726
1118,navegador-web,38,21854,21853
1119,vim,13,22276,22275
1120,programación-móvil,103,31939,31938
1121,gentoo,2,22267,22266
1123,woocommerce,141,21941,21940
1124,lenguaje-compilado,8,22264,22263
1125,gwt,2,22262,22261
1126,appcelerator,4,22230,22229
1127,cloud9,3,24277,24276
1128,appinventor,12,,
1130,framework7,23,31919,31918
1132,scanner,33,,
1134,ada,2,22567,22566
1135,gnat,1,22569,22568
1136,emacs,7,22571,22570
1138,love2d,2,22735,22734
1139,sap,40,22739,22738
1140,jco,1,22742,22741
1141,scipy,23,24522,24521
1142,screenshot,12,23653,23652
1143,blur,6,,
1144,popup,36,23639,23638
1147,oledb,25,31934,31933
1148,postgresql-9.3,59,23149,23148
1149,drupal,36,23593,23592
1150,ms-word,29,23244,23243
1151,router,50,23641,23640
1154,snap.svg,2,23326,23325
1155,datatables,598,26814,26813
1156,fax,1,23345,23344
1157,tensorflow,32,23699,23698
1158,google-play-services,23,24263,24262
1159,mac-os,96,24283,24282
1160,web,610,27825,27824
1161,android-permissions,23,23637,23636
1162,nhibernate,10,23875,23874
1163,d3-v4.js,8,,
1167,controller,131,28757,28756
1168,odac,5,25382,25381
1170,extensión-google-chrome,30,24015,24014
1171,firefox-webextensions,6,24208,24207
1172,cakephp-bake,8,24270,24269
1174,virtualización,23,24174,24173
1175,qml,6,31857,31856
1179,redes,68,31786,31785
1182,swift3,167,24776,24775
1183,puertos,42,24607,24606
1184,redes-neuronales,21,24733,24732
1185,inteligencia-artificial,24,31782,31781
1188,pretty-urls,22,28806,28805
1189,fgets,9,34171,34170
1190,sesiones,71,,
1191,tokens,43,25364,25363
1192,accesibilidad,5,,
1195,nasm,10,24861,24860
1197,grocery-crud,14,25202,25201
1198,stdin,9,31784,31783
1200,express-session,11,,
1201,sqlalchemy,36,25189,25188
1203,proxy,29,25136,25135
1204,nodemailer,14,,
1206,código-de-barras,9,32387,32386
1208,angularjs-scope,20,25515,25514
1210,drupal7,18,,
1211,google-calendar,15,26185,26184
1214,exe,26,28292,28291
1218,phalcon,27,52941,52940
1220,rgba,4,25688,25687
1221,xmpp,12,27870,27869
1223,qpython,4,29519,29518
1224,telnet,13,28828,28827
1225,flexbox,55,195460,195459
1226,google-developers-console,11,28847,28846
1227,google-cloud-platform,50,26482,26481
1231,android-volley,75,26515,26514
1233,sourcetree,9,,
1235,android-imageview,67,26512,26511
1245,laravel-excel,23,,
1248,unity,137,31621,31620
1249,material,14,,
1253,jquery-plugins,12,28831,28830
1254,codeblocks,44,31686,31685
1257,prototipos,14,,
1258,firewall,11,31774,31773
1260,ejabberd,6,,
1261,moodle-api,6,26825,26824
1262,collectionjs,7,,
1263,weblogic,46,26848,26847
1264,ecmascript,10,34333,34332
1265,unicode,37,31776,31775
1266,localtime,5,,
1269,.asmx,19,,
1270,backend,56,,
1271,redis,15,33885,33884
1275,localdate,3,,
1276,docker-compose,42,,
1278,itext,39,33874,33873
1281,dynamics-ax,4,37038,37037
1284,dreamweaver,7,31900,31899
1285,cli,18,,
1286,sax,7,,
1288,ingenieria-del-software,15,31926,31925
1292,variables-globales,47,31861,31860
1293,patrones-de-diseño,51,31792,31791
1294,modal,219,84489,84488
1297,freepascal,14,31794,31793
1298,bottombar,10,,
1299,skype,2,31768,31767
1303,itunes,5,31772,31771
1307,sql-server-2005,14,31790,31789
1308,vbscript,40,32282,32281
1309,tapestry,1,34077,34076
1313,retrofit,75,33822,33821
1316,navigation,18,,
1317,baseadapter,9,,
1320,openssl,29,33819,33818
1324,vr,5,30997,30996
1325,pcre,6,140831,140830
1326,sql-server-2008,108,77085,77084
1327,samba,7,31199,31198
1328,fedora,14,31201,31200
1329,microsoft-office,35,31203,31202
1335,sql-server-2008-r2,33,31885,31884
1336,aptana,1,31770,31769
1337,fxml,18,223533,223532
1338,interfaz-gráfica,146,31612,31611
1339,informix,14,34993,34992
1341,amazon-rds,3,32280,32279
1342,odp.net,2,,
1344,phpexcel,126,96638,96637
1345,itextsharp,81,32385,32384
1346,aplicación-escritorio,28,31949,31948
1347,telerik,15,32370,32369
1348,actionbar,15,,
1351,batch,168,35845,35844
1352,ado.net,40,32278,32277
1355,pseint,22,32301,32300
1356,toolbar,24,74106,74105
1357,ciclos,38,32389,32388
1361,ocr,17,91570,91569
1363,onbackpressed,6,,
1364,dependencias,19,,
1367,textview,57,,
1368,matrices,215,34682,34681
1369,scope,23,,
1370,model,55,,
1371,pgadmin,40,,
1372,sqldatatypes,5,32956,32955
1378,game,19,32952,32951
1386,outlook,35,33075,33074
1387,iteradores,14,33136,33135
1388,google-analytics,26,,
1389,stream,37,34163,34162
1391,parámetros,13,33680,33679
1392,sql-server-2000,4,,
1394,laravel-blade,211,118445,118444
1396,cámara,22,,
1405,sql-server-2012,102,,
1406,calendar,43,,
1407,google-fonts,8,34426,34425
1408,activity,129,85711,85710
1409,phpmailer,162,66356,66355
1412,ostream,1,34337,34336
1413,pods,4,,
1417,compilador,45,74101,74100
1419,cookies,72,74108,74107
1420,cursor,33,,
1423,adb,18,64963,64962
1424,appserv,3,,
1425,android-wear,6,,
1428,desofuscación,4,35036,35035
1430,ms-access,188,52557,52556
1432,ckeditor,35,35236,35235
1433,https,83,38378,38377
1435,spring-data,9,,
1437,blender,7,35590,35589
1438,jira,3,58497,58496
1442,yacc,1,35693,35692
1446,printf,15,35827,35826
1453,http-post,41,,
1454,http-get,28,,
1457,teclado,27,38372,38371
1458,dropzone,12,,
1459,contact-form-7,15,,
1460,sweetalert,46,36438,36437
1461,autoincremento,4,61772,61771
1462,offset,6,38375,38374
1465,nfc,11,,
1467,pyqt4,29,131887,131886
1468,uml,35,38370,38369
1470,font-awesome,42,93319,93318
1473,bootstrap-3,106,133718,133717
1474,pago-in-app,6,,
1475,struct,43,,
1476,slim,30,37482,37481
1478,android-context,9,,
1480,color,49,,
1483,clase-anidada,7,37795,37794
1486,web.config,23,,
1499,sftp,13,,
1500,ireport,61,,
1502,axis,11,,
1506,saml,4,39397,39396
1511,macros,94,52686,52685
1512,jackson,15,,
1514,stored-procedure,279,84356,84355
1518,broadcastreceiver,20,,
1521,captcha,30,101848,101847
1522,mechanize,5,,
1523,constexpr,3,40523,40522
1525,cpanel,53,,
1528,query,418,73221,73220
1529,babel,12,,
1530,grub2,3,61777,61776
1532,random,99,,
1535,insert,117,,
1540,checkbox,137,,
1543,fortran,11,48455,48454
1547,animated,8,,
1548,sintaxis,34,41629,41628
1550,redux,45,41651,41650
1551,flux,3,41653,41652
1554,sql-server-2014,78,,
1555,ddd,6,41893,41892
1560,c++.net,3,,
1561,atómico,1,55041,55040
1562,clips,1,88011,88010
1564,elasticsearch,24,,
1567,browserify,4,,
1575,timeout,20,,
1576,customadapter,12,,
1582,filezilla,16,,
1583,cron,41,80895,80894
1588,jframe,148,66703,66702
1590,instagram,8,91848,91847
1591,id3,3,,
1593,click,31,,
1594,jmenubar,6,,
1603,pivot,38,,
1604,django-urls,46,,
1607,schedule,13,,
1608,radiobutton,55,,
1609,radiogroup,6,,
1610,mercadopago,179,43569,43568
1613,opengl,35,153017,153016
1614,jtable,114,85703,85702
1615,slider,58,,
1616,intentservice,6,,
1617,c3p0,1,43903,43902
1619,cassandra,15,78261,78260
1620,mysql-workbench,222,84482,84481
1622,jtextfield,43,,
1625,google-documentos,7,,
1627,java-util-scanner,20,,
1629,teradata,7,,
1630,ng-repeat,18,,
1631,fetch,61,,
1632,picasso,12,,
1635,servidor,398,,
1640,hosting,105,75360,75359
1643,observable,24,,
1649,data,58,,
1653,mercadolibre,17,46397,46396
1654,arraylist,266,84476,84475
1655,function,110,,
1656,visual-studio-2008,7,,
1657,chart.js,115,93571,93570
1659,ionic2,113,77077,77076
1660,uitableviewcell,6,,
1667,jsoup,14,136607,136606
1668,wordpress-imagenes,9,,
1669,sobrecarga-de-operadores,18,45903,45902
1670,csh,2,46090,46089
1671,timer,40,,
1674,views,18,,
1675,graphql,26,46364,46363
1677,filesystem,28,164380,164379
1678,screen,13,61766,61765
1684,mac,40,,
1687,wamp,56,,
1688,video,81,,
1690,spinner,58,,
1691,pdfbox2.0,2,,
1692,compilar,42,,
1693,gcc,37,260196,260195
1694,iframe,68,93848,93847
1695,biometrico,4,174040,174039
1696,dominio,60,47614,47613
1697,jar,28,47342,47341
1698,google-sites,7,47394,47393
1699,fragment,94,,
1704,cluster,12,48448,48447
1706,computadora,3,55037,55036
1707,android-listview,66,47715,47714
1710,postgis,8,101335,101334
1711,idioma,19,,
1712,asynctask,21,,
1713,google-search-console,12,,
1714,google-static-maps,1,48159,48158
1715,google-geocoding-api,5,48163,48162
1716,rxjava,5,,
1718,app.config,15,48236,48235
1719,prepared-statements,30,,
1720,formato,69,,
1725,animate.css,6,,
1728,objeto,94,50642,50641
1731,xubuntu,13,50640,50639
1732,hyperlink,4,,
1736,es6,36,53230,53229
1737,recursión,77,50644,50643
1738,letsencrypt,8,61759,61758
1741,números-enteros,14,61762,61761
1743,puntero-a-función,8,49595,49594
1745,refactoring,4,,
1746,upload,38,,
1748,autonumeric,3,49778,49777
1749,apk,52,50638,50637
1750,iptables,14,,
1751,touchid,2,61783,61782
1752,sqlplus,9,,
1753,videojs,10,,
1755,estructuras,36,,
1757,gimp,2,61774,61773
1758,neodatis,5,,
1759,gitlab,46,224396,224395
1761,modular,9,,
1763,angular-material,43,,
1765,apache2,105,142717,142716
1767,adapter,36,,
1769,mocha,10,,
1770,pruebas-unitarias,38,121765,121764
1771,concat,9,,
1772,función-personalizada,9,51459,51458
1773,pug,25,,
1777,endpoint,10,,
1781,rdp,2,51875,51874
1785,cifrado,9,,
1786,sha1,12,,
1789,ejs,13,93040,93039
1790,gnu,8,55034,55033
1791,aforge,7,52720,52719
1792,nullpointerexception,68,,
1793,slim3,9,,
1796,while,153,,
1798,if,122,196379,196378
1799,programación-bajo-nivel,35,57657,57656
1800,github-pages,7,52835,52834
1801,sql-server-2016,10,,
1803,ssl,91,90202,90201
1804,virtualhost,44,,
1807,blogger,16,,
1808,ssh,81,53097,53096
1809,jquery-3,3,53101,53100
1810,newlisp,2,53161,53160
1812,pyserial,15,,
1816,eloquent,322,206061,206060
1818,shiny,21,53853,53852
1821,numberpicker,4,,
1823,hive,5,54417,54416
1825,contenedores,16,54184,54183
1826,boolean,7,101846,101845
1832,geocodificación,4,,
1833,bucle-for,241,54990,54989
1836,touch,10,,
1837,tabla-dinámica,29,151680,151679
1838,ciencia-de-datos,9,,
1844,coda,1,55211,55210
1847,rutas,124,,
1852,firebug,1,61779,61778
1862,epub,1,91397,91396
1863,lumen,33,74778,74777
1865,mkdir,6,97892,97891
1866,group-by,39,249441,249440
1867,amazon-s3,16,,
1871,tipografía,33,,
1873,google-oauth,9,,
1877,composer,79,,
1879,struts2,19,,
1880,migration,43,,
1885,php5,207,,
1886,php7,320,225234,225233
1887,php-cli,2,57831,57830
1888,notepad++,12,184186,184185
1896,opencv,102,70695,70694
1897,javazoom,1,58089,58088
1901,vuex,65,58144,58143
1902,windows-server,40,,
1903,windows-server-2012,44,,
1908,pseudocódigo,11,,
1909,system.js,5,,
1913,make,7,,
1914,bootstrap-4,286,58674,58673
1915,plpgsql,11,,
1916,android-service,15,,
1918,g-suite,3,59154,59153
1920,sql-server-ce,4,,
1924,modernizr,2,,
1927,passport,31,,
1928,seeders,6,,
1930,rstudio,98,70833,70832
1934,fórmulas-de-matriz,9,,
1936,internet-explorer-8,4,,
1939,datos-abiertos,2,60864,60863
1940,projectserver,1,61081,61080
1944,visual-foxpro,15,,
1945,foxpro,10,,
1947,activerecord,16,,
1948,bing-search,2,61448,61447
1949,cmake,8,,
1951,jasper,27,,
1954,certificado-ssl,51,,
1955,línea-de-comandos,32,,
1958,angular-cli,41,,
1961,wordpress-plugin,111,138629,138628
1962,payload,2,,
1964,terminal,79,,
1967,datagrid,147,62762,62761
1968,chai,6,141369,141368
1971,dynamodb,10,117672,117671
1975,vb6,72,63130,63129
1979,python-requests,56,,
1980,clone,9,,
1981,sqldf,1,90160,90159
1982,keystore,9,,
1983,phpword,17,,
1984,tiff,2,70725,70724
1988,contraseña,22,,
1990,xsl,26,132184,132183
1993,font-faces,3,,
1994,sfml,11,64180,64179
1995,theme,6,,
1998,bison,2,193547,193546
1999,camtasia,1,97886,97885
2008,amp,12,65022,65021
2011,networking,25,,
2013,sprintf,4,,
2014,annotation,11,,
2015,enlazado,4,65577,65576
2017,actionscript,6,,
2019,discord.py,4,65844,65843
2025,imagen,438,84362,84361
2026,android-toast,10,,
2027,webix,5,66565,66564
2031,es2016,4,67183,67182
2033,c++17,6,67348,67347
2040,bootstrap-switch,2,,
2041,casio,1,80893,80892
2042,basic,7,,
2045,argparse,3,70736,70735
2046,imap,8,,
2048,pipe,20,73522,73521
2049,fcm,16,,
2050,push,27,,
2058,android-m,2,,
2061,greendao,3,,
2063,wsdl,43,80510,80509
2067,visual-studio-2017,284,71404,71403
2068,illustrator,3,,
2071,select,314,132346,132345
2083,audio-manager,8,,
2086,mensajes,15,,
2087,owl,8,,
2089,access-control,5,,
2094,pentaho,12,,
2097,ms-access-2013,15,,
2098,ms-access-2007,7,71841,71840
2099,mdb,6,71860,71859
2100,kitkat,4,73520,73519
2101,design,15,,
2102,raspberry-pi,87,72174,72173
2107,google-play-console,19,,
2108,easeljs,1,90374,90373
2109,createjs,1,90234,90233
2110,box-shadow,2,79270,79269
2112,validaciones,7,,
2113,inspinia,3,72677,72676
2114,android-notifications,33,106635,106634
2116,type,10,,
2117,text,36,,
2118,vi,4,74903,74902
2120,kotlin,181,73258,73257
2122,mapbox,15,,
2125,tcl,1,74906,74905
2126,ksh,3,76329,76328
2129,devise,17,74082,74081
2140,aeat-sii,36,74426,74425
2142,crud,79,74901,74900
2145,onclick,40,,
2146,sonido,10,,
2147,play,3,,
2148,android-settings,3,142762,142761
2149,silverlight,3,78658,78657
2150,telegram,30,79268,79267
2153,atributos,19,79369,79368
2160,pilas,54,79361,79360
2162,d,1,78080,78079
2168,particles,4,,
2170,rpm,2,77123,77122
2172,smarty,8,91958,91957
2174,chrome,53,79239,79238
2176,ramas-git,7,,
2177,diccionarios,99,,
2178,ogre,11,,
2179,bluej,9,77725,77724
2181,sitemap,9,78660,78659
2182,fos-user-bundle,3,,
2183,google-signin,5,,
2184,kibana,4,79265,79264
2190,fuentes,6,128211,128210
2192,angular-datatables,21,,
2193,semantic-ui,20,,
2197,qrcode,24,79082,79081
2198,datatable,128,162894,162893
2201,mime,12,81426,81425
2202,google-maps-v3,29,,
2203,tooltip,14,90162,90161
2204,robots.txt,9,79619,79618
2208,ionic-framework,94,158781,158780
2209,onesignal,8,,
2212,cardview,22,,
2213,build.gradle,38,,
2214,iphone,58,84368,84367
2215,richtextbox,3,97897,97896
2217,filewriter,16,,
2219,universal-image-loader,2,80963,80962
2220,out-of-memory-error,22,,
2222,beautifulsoup,34,81407,81406
2223,sylius,4,,
2224,formdata,10,,
2227,db2,16,82087,82086
2229,pyside,6,82628,82627
2230,asp.net-mvc-4,21,,
2231,cv2,13,,
2233,responsive,101,86354,86353
2234,rvest,4,82635,82634
2235,vistas-materializadas,2,82572,82571
2239,google-chrome-app,4,,
2241,fragmentpageradapter,2,,
2242,scanf,14,,
2244,undefined,31,86051,86050
2245,sfinae,3,83322,83321
2246,evaluación,3,,
2247,float,40,84220,84219
2250,git-merge,11,83632,83631
2253,sms,25,85837,85836
2259,redes-sociales,9,,
2260,tinyurl,1,85831,85830
2261,excel-2010,10,,
2262,mediaqueries,29,,
2263,netlogo,2,86352,86351
2266,autohotkey,2,85840,85839
2267,excel-2013,15,,
2268,entity-framework-core,38,,
2269,gitignore,8,87899,87898
2270,bufferedimage,8,,
2271,innosetup,3,,
2275,wxwidgets,10,86630,86629
2276,flashback,1,87757,87756
2277,ibm-bluemix,4,86814,86813
2278,youtube-api,21,,
2279,subconsultas,43,,
2282,búfer,2,,
2283,stdout,2,100499,100498
2285,operador-de-conversión,4,87690,87689
2286,mp3,6,88131,88130
2287,operador-incremento,3,,
2288,operador-ternario,5,87901,87900
2292,computación-cuántica,2,,
2294,mouse,7,,
2295,ip,38,89755,89754
2297,inno-setup,10,88606,88605
2298,pascalscript,5,,
2299,carbon,29,,
2300,link,26,,
2301,script,256,127170,127169
2302,href,26,97925,97924
2303,src,8,,
2304,pixijs,3,,
2305,neo4j,12,,
2306,junit,47,242751,242750
2307,sizeof,4,90955,90954
2308,padding,3,90961,90960
2309,brackets,9,250931,250930
2310,pls,2,,
2311,tumblr,1,91120,91119
2314,urlencoding,4,,
2317,angularjs-4.0,3,,
2319,nmap,2,,
2321,ld,1,98302,98301
2322,parser,7,136604,136603
2323,leaflet,30,101171,101170
2324,time,49,176494,176493
2327,disqus,1,101173,101172
2329,packages,22,92019,92018
2330,symfony,143,93187,93186
2331,dql,12,,
2332,cors,54,132285,132284
2334,angulajs,5,,
2338,vsts,5,,
2339,visual-studio-code,47,238090,238089
2340,get,73,,
2341,xamarin.android,80,108891,108890
2342,java-money,2,93061,93060
2343,hack,3,93092,93091
2344,procesos-en-segundo-plano,15,,
2346,arquitectura-de-software,11,,
2348,glide,11,,
2349,couchbase,3,,
2351,vuforia,10,97890,97889
2352,fibonacci,13,,
2354,mediaplayer,21,,
2355,countdowntimer,4,,
2358,google-search,6,,
2359,google-adsense,7,,
2363,administración-de-software,8,,
2369,vichuploaderbundle,2,,
2370,fileupload,71,,
2372,contador,27,,
2373,.net-core,45,,
2376,fpdf,85,96497,96496
2377,wizard,5,,
2378,component,37,,
2379,cobol,7,97294,97293
2380,clob,4,97292,97291
2382,windows7,9,98202,98201
2383,splash,3,,
2385,adminer,3,,
2389,file,31,,
2390,zkemkeeper,4,146474,146473
2391,polimorfismo,19,,
2392,complejidad,10,99220,99219
2393,operadores,6,,
2395,ionic3,166,,
2396,botón,190,120291,120290
2397,sonar,15,223895,223894
2399,atajo,5,100397,100396
2401,grunt,7,,
2402,task-runner,4,,
2405,notificaciones,28,,
2407,pkg,2,,
2411,behat,2,,
2412,tdd,3,145028,145027
2413,delphi-berlin,9,,
2415,restsharp,12,102575,102574
2416,wordpress-widget,5,,
2418,webtoken,6,,
2419,pwa,10,128685,128684
2421,bonita,9,,
2422,report,24,,
2423,dynamics-crm,4,103562,103561
2425,reporting,11,,
2426,crm,5,,
2427,certificado-apple,6,,
2428,rdlc,13,,
2429,puntero-a-miembro,2,103902,103901
2431,hash,35,109516,109515
2432,sha256,6,109512,109511
2440,itunes-connect,3,125650,125649
2443,war,10,,
2444,diseño-de-clases,36,,
2445,shell-script,68,,
2449,plesk,15,,
2450,vps,26,216990,216989
2459,mongod,9,,
2460,debian-9,18,,
2461,webapi,26,117267,117266
2462,tibble,1,109503,109502
2464,hover,28,,
2465,jstree,5,,
2466,sweetalert2,18,279187,279186
2468,pyspark,18,108071,108070
2469,smtp,40,108964,108963
2470,buenas-prácticas,41,152644,152643
2473,progressdialog,6,161336,161335
2475,dropzone.js,8,,
2476,qr,11,110847,110846
2479,onclicklistener,15,,
2480,tar,6,,
2482,raspbian,23,113840,113839
2484,vb,86,,
2486,angular4,95,129455,129454
2489,google-spreadsheets,4,,
2491,crahslytics,2,110401,110400
2492,google-fabric,1,110404,110403
2493,form-submit,11,,
2494,rjava,3,113834,113833
2497,erlang,2,110842,110841
2499,three.js,7,,
2502,pst,1,113656,113655
2503,hardware,13,114462,114461
2506,nextcloud,2,,
2507,android-gridview,3,,
2508,config,8,,
2510,percentil,2,117264,117263
2511,filtro,41,,
2512,build,19,,
2513,derby,7,,
2515,datarow,5,,
2516,dataset,33,,
2519,sqllite,7,123486,123485
2525,selenium-webdriver,63,114573,114572
2527,github-desktop,4,,
2537,hadoop,11,115735,115734
2541,push.js,2,124460,124459
2542,class,73,,
2543,icons,19,,
2547,ram,7,,
2548,geojson,15,262445,262444
2549,ftpclient,6,,
2554,lighttpd,3,123482,123481
2561,sybase,12,,
2565,submit,15,,
2566,print,42,,
2567,jobs,26,,
2568,openxml,6,,
2574,godaddy,19,,
2575,reactstrap,6,,
2576,linearlayout,6,,
2578,jmeter,16,,
2579,test,53,124704,124703
2580,xamarin-studio,3,,
2582,capybara,4,,
2584,constraint-layout,5,,
2587,conjuntos,5,,
2588,else,23,,
2589,audio,46,,
2590,bootstrap-table,8,120952,120951
2591,qlineedit,3,,
2594,multipart,5,,
2595,hbase,2,,
2608,zookeeper,1,122361,122360
2610,foreach,95,,
2611,mvp,3,,
2613,gd,7,,
2618,mpi,5,,
2620,google-chart-api,30,124192,124191
2621,android-recyclerview,22,,
2622,substr,4,,
2623,activemq,4,124596,124595
2626,vala,8,124684,124683
2628,selectores,19,,
2629,in-array,4,,
2630,adobe-flash,2,,
2631,enlaces-ancla,7,126018,126017
2632,sql-server-express,8,126338,126337
2634,usercontrol,17,,
2639,volley,34,254425,254424
2643,ventana,22,,
2649,jquery-mask-plugin,3,126333,126332
2650,osb,2,128792,128791
2652,nav,19,,
2654,git-add,2,,
2655,xdebug,16,126575,126574
2656,rectangle,3,,
2658,vhdl,1,140092,140091
2661,phpunit,11,127027,127026
2664,symfony4,54,136212,136211
2665,netbeans-8.2,140,127015,127014
2666,net,22,,
2669,blockchain,9,228837,228836
2670,onkeypress,5,128568,128567
2671,onkeyup,4,,
2672,mysqlconnector,25,,
2673,mysqlconnector.jar,6,216994,216993
2675,radio,10,,
2680,dropdownlist,39,,
2681,onkey,2,128257,128256
2682,uri,10,,
2683,diff,6,,
2686,updatepanel,7,,
2687,stripe,2,128457,128456
2688,active,2,,
2691,margin,4,,
2692,phpspreadsheet,19,128676,128675
2694,textarea,12,128794,128793
2696,li,3,,
2705,show,8,,
2706,hide,4,,
2707,gunicorn,5,,
2708,virtualenv,10,,
2709,centos7,30,,
2711,imprimir,29,,
2712,impresora,12,,
2713,jython,3,136454,136453
2714,tpv,3,,
2718,error404,30,147022,147021
2719,certificado,22,,
2725,nativescript,24,130521,130520
2726,keypressevent,7,,
2729,gdb,4,,
2731,reportviewerreporte,3,,
2732,fstream,9,,
2734,innodb,14,131935,131934
2735,myisam,4,132011,132010
2738,búsqueda-monte-carlo,2,131991,131990
2739,font-size,5,,
2740,identity,19,,
2744,django-templates,23,,
2747,listbox,14,,
2748,stack,10,,
2749,heap,3,,
2750,interface,23,,
2754,cloud,22,,
2756,apigoogle,9,,
2760,primeng,10,202948,202947
2761,exchangewebservices,6,,
2762,spool,2,,
2765,google-distancematrix-api,1,134161,134160
2766,google-api,124,158710,158709
2768,chromedriver,12,,
2770,titanium,1,134475,134474
2771,rtf,4,141594,141593
2774,powerquery,4,,
2775,powerbi,26,,
2776,logger,11,,
2777,powerpivot,4,135287,135286
2779,orgchart,2,,
2780,genericos,16,,
2781,propel,2,136027,136026
2784,html-tabla,80,151682,151681
2785,slf4j,3,,
2786,angular5,204,138382,138381
2789,html-select,41,287295,287294
2790,html-correo,3,,
2794,keras,18,141590,141589
2797,xslt,23,149571,149570
2801,xsd,19,138589,138588
2802,xml-schema,9,,
2803,translate,5,,
2804,css-grid-layout,23,195462,195461
2805,zxing,10,,
2807,game-maker,3,,
2809,git-bash,9,,
2811,sympy,9,140002,140001
2812,zeep,8,,
2813,imacros,2,,
2815,git-flow,6,,
2816,swift4,77,141945,141944
2818,toad,7,,
2819,django-views,26,,
2821,gorm,3,,
2822,travis-ci,3,141365,141364
2823,nyc,1,141362,141361
2824,mochajs,2,,
2827,code-first,13,,
2831,sensor,3,,
2833,referer,3,,
2839,google-apps-script-html-service,8,,
2841,phaser.io,3,,
2843,cshtml,15,,
2844,lampp,5,,
2845,android-spinner,13,,
2846,maxima,7,143815,143814
2847,jodatime,3,,
2849,simple-html-dom,9,,
2851,fputcsv,8,,
2854,bazel,3,,
2855,google-sheets,2,,
2859,mysqldb,18,,
2860,git-clone,2,,
2861,yml,3,152904,152903
2865,mips32,5,,
2866,angular,1331,146517,146516
2869,formato-condicional,6,146273,146272
2872,fopen,8,,
2877,uikit-3,4,,
2878,jstl,16,,
2890,spire,2,149799,149798
2891,taglib,3,,
2893,eclipse-oxygen,17,,
2894,django-class-based-views,5,150483,150482
2896,bootstrap-vue,10,150818,150817
2897,ecmascript-6,72,150855,150854
2898,ecmascript-7,6,150864,150863
2902,bootstrap-timepicker,2,,
2904,hoja-de-cálculo-tabla-dinámica,10,151669,151668
2906,dompdf,48,,
2910,postman,38,255815,255814
2911,posix,2,,
2914,libreoffice-calc,7,,
2916,google-cloud-firestore,53,,
2917,tfs,5,,
2919,android-bottom-nav-view,6,,
2921,r-dplyr,14,152900,152899
2923,oracleforms,5,152706,152705
2924,laravel-mix,10,,
2927,datetimepicker,27,,
2930,trello,4,,
2932,genexus15,24,153618,153617
2933,udev,2,,
2934,usb,18,,
2935,sugarcrm,2,,
2939,phpstorm,4,,
2940,update,88,216992,216991
2942,crystal-lang,3,154650,154649
2947,guzzle,10,,
2953,viewchild,3,,
2954,elementref,2,,
2955,bucles,171,155829,155828
2956,veevalidate,4,,
2957,machine-learning,29,,
2958,emulación,10,156026,156025
2959,import,23,,
2960,boostraptable,20,,
2961,búsquedas,34,,
2966,haml,2,198820,198819
2967,gráficas,29,254427,254426
2971,porcentaje,8,161345,161344
2972,consulta,96,,
2973,text-mining,3,,
2976,supportmapfragment,3,,
2983,tomee,2,158737,158736
2984,intellij-idea,24,161077,161076
2986,distinct,8,161063,161062
2988,imagemagick,4,160881,160880
2989,drupal8,11,,
2990,pentaho-spoon,8,,
2998,sheetjs,5,,
3004,android-manifest,10,,
3005,react-navigation,22,,
3009,f#,2,,
3014,aspx,32,,
3017,android-navigationview,4,,
3018,axml,2,,
3019,rasa-nlu,8,163451,163450
3020,wget,9,164385,164384
3021,ascx,2,,
3023,ejecutar,12,,
3026,rasa-core,7,,
3030,sql-server-2017,14,,
3031,singleton,8,,
3032,relaciones,44,,
3033,logica,19,,
3034,modelorelacional,26,,
3035,tablas,71,,
3036,serialport,30,,
3038,solidity,4,,
3039,caracteres,32,,
3040,mailer,3,,
3045,regresión-lineal,8,,
3048,localhost,44,174149,174148
3049,paginación,48,,
3053,xdocument,6,,
3056,salsa,1,170114,170113
3057,consulta-sql,98,207833,207832
3058,decoradores,9,,
3059,tesseract,4,,
3062,tcpdf,17,,
3066,openshift-origin,1,171877,171876
3068,html2pdf,10,,
3071,integer,8,,
3072,spa,5,244433,244432
3075,artisan,15,,
3076,delphi-tokyo,8,,
3077,librería,28,174136,174135
3086,maatwebsite,8,,
3088,genexusxev3,2,,
3091,,32,,
3093,axios,76,176849,176848
3100,latino,1,178137,178136
3101,docker-machine,5,,
3102,backgroundworker,9,,
3107,qt-designer,5,,
3108,carousel,16,,
3109,as3,1,180034,180033
3110,flex,11,,
3113,react-redux,13,,
3114,qtablewidget,6,,
3118,bokeh,3,,
3119,simplexlsx,3,,
3120,floating-action-button,3,,
3122,nltk,6,183261,183260
3124,math,13,,
3132,qmainwindow,2,,
3134,opensuse,4,,
3135,querybuilder,8,,
3136,mysql-sever,2,,
3138,fabric,2,,
3140,msdos,11,,
3142,content-provider,3,,
3143,indy,3,185530,185529
3144,instalacion,17,,
3146,prestashop1.7,22,,
3148,scikit-learn,8,186463,186462
3149,each,5,,
3153,epplus,10,,
3160,parallax,2,196571,196570
3163,procesamiento-de-texto,6,,
3164,notification,6,,
3165,blade,21,,
3167,flutter,120,198619,198618
3168,jbutton,10,,
3169,jdatechooser,7,,
3171,qgridlayout,3,,
3172,plantillas-de-texto,2,,
3173,cx-freeze,6,,
3174,filter,28,,
3176,word-embedding,1,188581,188580
3177,google-app-maker,4,,
3183,solaris,2,,
3184,img,21,243534,243533
3186,wireframe,1,198816,198815
3187,expo,14,,
3188,plantuml,2,,
3189,linux-mint,14,,
3190,linuxmint,3,,
3196,abogado-del-lenguaje,3,190095,190094
3197,daterangepicker,2,,
3200,substring,15,,
3201,teoría-de-grafos,8,191222,191221
3202,spacy,5,191226,191225
3204,dart,50,,
3205,amazon,13,,
3207,números-primos,6,,
3208,numberformat,5,192154,192153
3210,store,7,,
3213,angular6,128,,
3218,winrar,3,,
3219,jsonobject,36,,
3220,jsonarray,27,,
3222,ia,9,,
3223,gpu,5,,
3225,setcookie,6,,
3229,firebase-messaging,16,,
3230,pygal,3,,
3233,cuda,2,,
3236,textbox,17,,
3237,apex,8,,
3243,rxjs,26,200096,200095
3254,validation,12,,
3256,preg-match,10,,
3258,cadenas,21,,
3260,cakephp-3.x,12,,
3261,jax-rs,8,223903,223902
3263,vmwclarity,3,,
3264,chocolatey,2,,
3267,activex,4,,
3268,android-pie,4,,
3269,timepicker,3,,
3270,jhipster,14,286870,286869
3271,kubernetes,11,,
3273,jsdoc,1,204363,204362
3274,task,10,,
3276,phaser,5,,
3278,amazon-web-services,6,215989,215988
3279,oracle-12c,23,,
3280,async,23,,
3282,navbar,22,,
3283,selectores-css,11,207965,207964
3285,reactive-programing,4,,
3286,remote-view,3,,
3287,mqtt,3,,
3292,sqltabledependency,2,,
3295,division,2,,
3298,pair,2,,
3299,android-adapter,7,,
3300,lenguaje-marcado,2,,
3301,set,3,,
3306,google-photos,2,,
3308,cronjobs,8,,
3310,tiddlywiki,1,216569,216568
3313,python-3.7,32,,
3322,gulp-4,5,,
3323,netbeans-9,2,,
3325,ngfor,5,,
3326,java-7,3,,
3328,angular7,112,,
3329,diagrama-er,4,,
3330,html5-datalist,2,,
3332,yum,2,,
3334,swift-mailer,2,220117,220116
3335,logcat,3,220138,220137
3338,innerhtml,6,,
3341,internal,2,,
3344,netbeans-plugins,1,227969,227968
3345,netbeans-8.1,6,,
3347,netbeans-8.0,4,,
3348,scenebuilder,15,,
3349,controlsfx,1,224233,224232
3350,javafx-css,4,223503,223502
3351,vue2-google-map,4,,
3353,gmap-autocomplete,2,,
3354,jaxb,10,223900,223899
3355,jdom,1,224011,224010
3356,fasterxml,1,224013,224012
3359,octave,7,224207,224206
3360,gnuplot,2,224223,224222
3363,gitlab-ci,4,224394,224393
3365,recaptcha,12,,
3366,google-query-language,2,224831,224830
3368,asyncio,4,,
3369,samsung,3,,
3371,bootstrap-tags-input,6,,
3372,appveyor,2,225470,225469
3375,xhtml2pdf,2,,
3377,angular-router,5,,
3381,alexa,3,227277,227276
3382,ask-sdk,3,,
3386,dapper,3,,
3390,pyomo,2,,
3391,tarea,8,,
3392,sas,3,228121,228120
3396,yarn,5,,
3397,uipath,1,228938,228937
3399,sh,3,,
3401,google-data-studio,2,,
3402,multer,10,254071,254070
3403,msg,1,230260,230259
3404,graphviz,1,230607,230606
3406,alertify,5,230636,230635
3407,doctest,2,,
3410,windowsce,3,,
3413,red-hat,7,,
3420,jdeveloper,2,,
3424,flask-wtf,2,,
3426,sharpdevelop,3,,
3432,android-viewmodel,5,,
3433,android-room,2,,
3434,xamarin.ios,8,,
3436,rhel,2,236480,236479
3437,vmware,7,236484,236483
3439,clausuras,8,237466,237465
3440,concatenación,13,,
3442,cálculo-relacional,2,,
3443,metodología,3,,
3446,compilación-cruzada,2,,
3447,ofuscación,7,,
3448,vuetify,15,,
3449,predicción,2,,
3450,agrupación,5,,
3451,scrollbar,6,,
3453,messagebox,4,,
3455,laravelcollective,7,,
3457,androidx,5,,
3458,apdu,2,,
3459,punteros-inteligentes,1,239713,239712
3464,knex,8,,
3465,bitconverter,2,,
3467,gcloud,3,,
3469,exists,2,,
3470,say-cheese,1,,
3471,allegro,4,243291,243290
3473,tracking,2,243532,243531
3474,url-encode,1,,
3475,handlebars,7,,
3476,uiview,1,,
3477,lindenscriptinglanguage,1,244503,244502
3480,bcryptjs,2,,
3484,cut,3,,
3486,puppeteer,7,256697,256696
3487,service-workers,3,,
3488,g1,1,,
3489,options,5,,
3490,grafana,1,,
3491,api-fluent,1,248469,248468
3492,pydub,1,256695,256694
3494,squirrel,1,256693,256692
3495,guardar,6,,
3496,temp,1,,
3498,charts,8,,
3500,dojo2,2,,
3501,fs,3,,
3504,rsa,4,256691,256690
3507,simplexml,2,259380,259379
3508,nodos,2,,
3509,pagination,3,,
3511,ionic4,59,,
3512,payu,6,253399,253398
3513,qt5,3,,
3514,bouncycastle,1,256602,256601
3516,smime,1,256604,256603
3517,espacio-de-nombres,1,253951,253950
3518,javasound,2,256600,256599
3519,qmake,3,256598,256597
3520,ordenacion,1,,
3522,polyfill,2,255357,255356
3523,serializacion,2,,
3524,aria,1,,
3525,lector-de-pantalla,1,,
3526,findbugs,1,,
3527,silex,1,256687,256686
3528,optional,2,256826,256825
3531,fastreport,1,,
3532,openpyxl,7,,
3534,prism,2,258676,258675
3535,ngx-admin,2,,
3536,delegados,1,,
3537,passport-google-plus-token,1,,
3538,java-10,1,,
3539,netbeans-11,6,,
3540,javac,1,259838,259837
3544,nvm,3,264154,264153
3545,jni,5,260004,260003
3546,filemaker,1,,
3547,jcreator,1,,
3548,icollectionview,1,,
3549,applet,3,260228,260227
3551,git-tag,3,,
3552,java-11,5,,
3553,terraform,1,,
3557,mpi4py,2,,
3558,xquery,2,,
3559,protractor,1,261856,261855
3560,host,5,,
3561,vtex,1,,
3562,wxpython,3,262154,262153
3563,dialog-fragment,5,,
3565,theano,1,262940,262939
3566,java-2d,1,263168,263167
3567,subclases,1,,
3568,ciclo-de-vida,1,263734,263733
3569,comportamiento-indefinido,1,263740,263739
3571,openpay,2,,
3573,ebay-api,1,264433,264432
3574,datalist,2,265051,265050
3575,c++builder,4,264526,264525
3579,dagger2,1,,
3580,javarx,1,,
3581,jax-ws,2,,
3582,busqueda,6,,
3583,php-formatter,1,,
3585,jquerty,1,,
3589,exec,4,,
3595,bem,1,268160,268159
3596,autocomplete,8,,
3600,fastmm,1,268409,268408
3601,requests,3,,
3602,ph,1,,
3603,table,7,,
3609,informatica-power-center,1,,
3610,ipc,1,,
3611,faker,1,,
3613,avro,1,,
3614,dataframe,17,,
3615,apache-nifi,4,270870,270869
3616,visual-studio-2019,10,,
3617,pytesseract,3,280565,280564
3618,ansible,2,,
3621,p5js,1,272076,272075
3622,mail,3,,
3624,pysimplegui,2,,
3625,java-awt,1,,
3626,phantomjs,3,273441,273440
3627,httacces,1,,
3629,reactphp,1,,
3630,signature,3,,
3631,nonce,1,,
3632,colecciones,3,,
3633,collect,1,,
3634,scriptmanager,1,,
3635,telegram-bot,1,274093,274092
3636,jepp,1,274097,274096
3637,sikuli,1,,
3638,laravel-5.7,4,,
3639,laravel-echo,1,,
3640,jnlp,2,,
3642,xamarinforms,2,,
3643,android-espresso,1,274630,274629
3645,lit-element,1,,
3646,lit-html,1,,
3647,web-components,1,,
3648,apache-ofbiz,1,275420,275419
3649,cisco,1,,
3651,generador,1,,
3652,headers,3,,
3653,sonarqube,1,,
3654,tls,1,278869,278868
3655,playframework,3,277802,277801
3657,vlcj,4,277810,277809
3658,android-security,1,,
3659,mybb,1,,
3661,defontana,1,,
3662,stacktable,1,279031,279030
3663,javascript-objeto,10,278933,278932
3664,regedit,1,,
3665,apache-cordova,2,279191,279190
3666,alert,3,,
3667,magento,1,,
3668,liquid,1,,
3669,android-button,2,,
3670,swagger-ui,1,,
3671,oracle-8i,1,,
3672,socketcluster,1,,
3674,facebook-graph-api,2,,
3675,actualizacion,2,,
3677,rxdart,1,,
3678,modalform,1,,
3679,slide,3,,
3680,debug,1,,
3681,relative,1,,
3682,transact-sql,2,280900,280899
3683,enzyme,1,281039,281038
3684,jestjs,2,281041,281040
3687,animacion,2,,
3688,transicion,3,,
3689,processing,1,,
3692,validators.required,1,,
3693,async-await,6,281641,281640
3694,incubator,1,,
3695,microsoft,4,,
3696,graph,1,,
3697,visual-basic-for-applications,2,,
3699,appybuilder,1,282200,282199
3700,ext.net,1,282307,282306
3701,fondo,1,,
3702,vsftp,1,,
3703,quagga.js,1,,
3704,dfa,1,,
3705,nfa,1,,
3706,automatas,1,,
3707,java-12,1,284513,284512
3708,traduccion,1,,
3710,mockito,6,287515,287514
3711,junit-5,2,284418,284417
3713,jamon,1,,
3714,log4j2,1,284180,284179
3715,jemmy,1,,
3716,express-validator,1,,
3719,pymongo,1,,
3720,cleardb,1,,
3722,criteria,1,,
3723,animation,2,,
3724,transition,1,,
3725,electron-build,1,,
3726,firebase-auth,2,,
3728,firebaseui,1,,
3729,blazor,1,,
3730,pop,1,,
3731,idle,1,,
3732,refrescar,1,,
3733,parametros,5,,
3734,vuejs,7,,
3735,pyshark,1,,
3736,uinity,1,,
3737,read,1,,
3738,system,1,,
3739,epson,1,,
3740,aspnet,1,,
3744,h2,4,286569,286568
3745,impala,1,,
3746,resttemplate,2,,
3747,jpql,7,,
3748,criteria-api,1,,
3749,eclipselink,1,,
3751,jflex,4,287192,287191
3752,cup,1,,
3753,dropwizard,3,286868,286867
3754,jacoco-maven-plugin,1,,
3755,single-sign-on,3,,
3756,openjpa,2,,
3757,antlr,1,,
3758,jcup,1,,
3759,fnmatch,1,,
3760,html2canvas,2,,
3761,coolbeans,1,,
3762,procedimiento,1,,
3764,codacy,1,,
3765,jacoco,1,,
3766,owin,1,,
3769,attached-properties,1,,
3771,jcalendar,1,,
3773,directivas,2,,
3775,angular8,1,,
3776,tinker,1,,
3777,appium,1,,
3778,currency,1,,
3779,postfix,1,,
3780,dovecot,1,,
3781,c++20,1,289329,289328
3782,conceptos,1,289333,289332
3783,datagridview,2,,
3784,cropperjs,1,,
3786,pyodbc,1,,
3787,cpan,1,,
